experiment_url,sampled
http://54.235.29.9/FacialAge/OSS_Exp2_MTurk/Gab_OSS_HTML.html#1,unsampled
http://54.235.29.9/FacialAge/OSS_Exp2_MTurk/Gab_OSS_HTML.html#2,unsampled
http://54.235.29.9/FacialAge/OSS_Exp2_MTurk/Gab_OSS_HTML.html#3,unsampled
http://54.235.29.9/FacialAge/OSS_Exp2_MTurk/Gab_OSS_HTML.html#4,unsampled
http://54.235.29.9/FacialAge/OSS_Exp2_MTurk/Gab_OSS_HTML.html#5,unsampled
http://54.235.29.9/FacialAge/OSS_Exp2_MTurk/Gab_OSS_HTML.html#6,unsampled
http://54.235.29.9/FacialAge/OSS_Exp2_MTurk/Gab_OSS_HTML.html#7,unsampled
http://54.235.29.9/FacialAge/OSS_Exp2_MTurk/Gab_OSS_HTML.html#8,unsampled
http://54.235.29.9/FacialAge/OSS_Exp2_MTurk/Gab_OSS_HTML.html#9,unsampled
http://54.235.29.9/FacialAge/OSS_Exp2_MTurk/Gab_OSS_HTML.html#10,unsampled
http://54.235.29.9/FacialAge/OSS_Exp2_MTurk/Gab_OSS_HTML.html#11,unsampled
http://54.235.29.9/FacialAge/OSS_Exp2_MTurk/Gab_OSS_HTML.html#12,unsampled
http://54.235.29.9/FacialAge/OSS_Exp2_MTurk/Gab_OSS_HTML.html#13,unsampled
http://54.235.29.9/FacialAge/OSS_Exp2_MTurk/Gab_OSS_HTML.html#14,unsampled
http://54.235.29.9/FacialAge/OSS_Exp2_MTurk/Gab_OSS_HTML.html#15,unsampled
http://54.235.29.9/FacialAge/OSS_Exp2_MTurk/Gab_OSS_HTML.html#16,unsampled
http://54.235.29.9/FacialAge/OSS_Exp2_MTurk/Gab_OSS_HTML.html#17,unsampled
http://54.235.29.9/FacialAge/OSS_Exp2_MTurk/Gab_OSS_HTML.html#18,unsampled
http://54.235.29.9/FacialAge/OSS_Exp2_MTurk/Gab_OSS_HTML.html#19,unsampled
http://54.235.29.9/FacialAge/OSS_Exp2_MTurk/Gab_OSS_HTML.html#20,unsampled
http://54.235.29.9/FacialAge/OSS_Exp2_MTurk/Gab_OSS_HTML.html#21,unsampled
http://54.235.29.9/FacialAge/OSS_Exp2_MTurk/Gab_OSS_HTML.html#22,unsampled
http://54.235.29.9/FacialAge/OSS_Exp2_MTurk/Gab_OSS_HTML.html#23,unsampled
http://54.235.29.9/FacialAge/OSS_Exp2_MTurk/Gab_OSS_HTML.html#24,unsampled
http://54.235.29.9/FacialAge/OSS_Exp2_MTurk/Gab_OSS_HTML.html#25,unsampled
http://54.235.29.9/FacialAge/OSS_Exp2_MTurk/Gab_OSS_HTML.html#26,unsampled
http://54.235.29.9/FacialAge/OSS_Exp2_MTurk/Gab_OSS_HTML.html#27,unsampled
http://54.235.29.9/FacialAge/OSS_Exp2_MTurk/Gab_OSS_HTML.html#28,unsampled
http://54.235.29.9/FacialAge/OSS_Exp2_MTurk/Gab_OSS_HTML.html#29,unsampled
http://54.235.29.9/FacialAge/OSS_Exp2_MTurk/Gab_OSS_HTML.html#30,unsampled
http://54.235.29.9/FacialAge/OSS_Exp2_MTurk/Gab_OSS_HTML.html#31,unsampled
http://54.235.29.9/FacialAge/OSS_Exp2_MTurk/Gab_OSS_HTML.html#32,unsampled
http://54.235.29.9/FacialAge/OSS_Exp2_MTurk/Gab_OSS_HTML.html#33,unsampled
http://54.235.29.9/FacialAge/OSS_Exp2_MTurk/Gab_OSS_HTML.html#34,unsampled
http://54.235.29.9/FacialAge/OSS_Exp2_MTurk/Gab_OSS_HTML.html#35,unsampled
http://54.235.29.9/FacialAge/OSS_Exp2_MTurk/Gab_OSS_HTML.html#36,unsampled
http://54.235.29.9/FacialAge/OSS_Exp2_MTurk/Gab_OSS_HTML.html#37,unsampled
http://54.235.29.9/FacialAge/OSS_Exp2_MTurk/Gab_OSS_HTML.html#38,unsampled
http://54.235.29.9/FacialAge/OSS_Exp2_MTurk/Gab_OSS_HTML.html#39,unsampled
http://54.235.29.9/FacialAge/OSS_Exp2_MTurk/Gab_OSS_HTML.html#40,unsampled
http://54.235.29.9/FacialAge/OSS_Exp2_MTurk/Gab_OSS_HTML.html#41,unsampled
http://54.235.29.9/FacialAge/OSS_Exp2_MTurk/Gab_OSS_HTML.html#42,unsampled
http://54.235.29.9/FacialAge/OSS_Exp2_MTurk/Gab_OSS_HTML.html#43,unsampled
http://54.235.29.9/FacialAge/OSS_Exp2_MTurk/Gab_OSS_HTML.html#44,unsampled
http://54.235.29.9/FacialAge/OSS_Exp2_MTurk/Gab_OSS_HTML.html#45,unsampled
http://54.235.29.9/FacialAge/OSS_Exp2_MTurk/Gab_OSS_HTML.html#46,unsampled
http://54.235.29.9/FacialAge/OSS_Exp2_MTurk/Gab_OSS_HTML.html#47,unsampled
http://54.235.29.9/FacialAge/OSS_Exp2_MTurk/Gab_OSS_HTML.html#48,unsampled
http://54.235.29.9/FacialAge/OSS_Exp2_MTurk/Gab_OSS_HTML.html#49,unsampled
http://54.235.29.9/FacialAge/OSS_Exp2_MTurk/Gab_OSS_HTML.html#50,unsampled
http://54.235.29.9/FacialAge/OSS_Exp2_MTurk/Gab_OSS_HTML.html#51,unsampled
http://54.235.29.9/FacialAge/OSS_Exp2_MTurk/Gab_OSS_HTML.html#52,unsampled
http://54.235.29.9/FacialAge/OSS_Exp2_MTurk/Gab_OSS_HTML.html#53,unsampled
http://54.235.29.9/FacialAge/OSS_Exp2_MTurk/Gab_OSS_HTML.html#54,unsampled
http://54.235.29.9/FacialAge/OSS_Exp2_MTurk/Gab_OSS_HTML.html#55,unsampled
http://54.235.29.9/FacialAge/OSS_Exp2_MTurk/Gab_OSS_HTML.html#56,unsampled
http://54.235.29.9/FacialAge/OSS_Exp2_MTurk/Gab_OSS_HTML.html#57,unsampled
http://54.235.29.9/FacialAge/OSS_Exp2_MTurk/Gab_OSS_HTML.html#58,unsampled
http://54.235.29.9/FacialAge/OSS_Exp2_MTurk/Gab_OSS_HTML.html#59,unsampled
http://54.235.29.9/FacialAge/OSS_Exp2_MTurk/Gab_OSS_HTML.html#60,unsampled
http://54.235.29.9/FacialAge/OSS_Exp2_MTurk/Gab_OSS_HTML.html#61,unsampled
http://54.235.29.9/FacialAge/OSS_Exp2_MTurk/Gab_OSS_HTML.html#62,unsampled
http://54.235.29.9/FacialAge/OSS_Exp2_MTurk/Gab_OSS_HTML.html#63,unsampled
http://54.235.29.9/FacialAge/OSS_Exp2_MTurk/Gab_OSS_HTML.html#64,unsampled
http://54.235.29.9/FacialAge/OSS_Exp2_MTurk/Gab_OSS_HTML.html#65,unsampled
http://54.235.29.9/FacialAge/OSS_Exp2_MTurk/Gab_OSS_HTML.html#66,unsampled
http://54.235.29.9/FacialAge/OSS_Exp2_MTurk/Gab_OSS_HTML.html#67,unsampled
http://54.235.29.9/FacialAge/OSS_Exp2_MTurk/Gab_OSS_HTML.html#68,unsampled
http://54.235.29.9/FacialAge/OSS_Exp2_MTurk/Gab_OSS_HTML.html#69,unsampled
http://54.235.29.9/FacialAge/OSS_Exp2_MTurk/Gab_OSS_HTML.html#70,unsampled
http://54.235.29.9/FacialAge/OSS_Exp2_MTurk/Gab_OSS_HTML.html#71,unsampled
http://54.235.29.9/FacialAge/OSS_Exp2_MTurk/Gab_OSS_HTML.html#72,unsampled
http://54.235.29.9/FacialAge/OSS_Exp2_MTurk/Gab_OSS_HTML.html#73,unsampled
http://54.235.29.9/FacialAge/OSS_Exp2_MTurk/Gab_OSS_HTML.html#74,unsampled
http://54.235.29.9/FacialAge/OSS_Exp2_MTurk/Gab_OSS_HTML.html#75,unsampled
http://54.235.29.9/FacialAge/OSS_Exp2_MTurk/Gab_OSS_HTML.html#76,unsampled
http://54.235.29.9/FacialAge/OSS_Exp2_MTurk/Gab_OSS_HTML.html#77,unsampled
http://54.235.29.9/FacialAge/OSS_Exp2_MTurk/Gab_OSS_HTML.html#78,unsampled
http://54.235.29.9/FacialAge/OSS_Exp2_MTurk/Gab_OSS_HTML.html#79,unsampled
http://54.235.29.9/FacialAge/OSS_Exp2_MTurk/Gab_OSS_HTML.html#80,unsampled
http://54.235.29.9/FacialAge/OSS_Exp2_MTurk/Gab_OSS_HTML.html#81,unsampled
http://54.235.29.9/FacialAge/OSS_Exp2_MTurk/Gab_OSS_HTML.html#82,unsampled
http://54.235.29.9/FacialAge/OSS_Exp2_MTurk/Gab_OSS_HTML.html#83,unsampled
http://54.235.29.9/FacialAge/OSS_Exp2_MTurk/Gab_OSS_HTML.html#84,unsampled
http://54.235.29.9/FacialAge/OSS_Exp2_MTurk/Gab_OSS_HTML.html#85,unsampled
http://54.235.29.9/FacialAge/OSS_Exp2_MTurk/Gab_OSS_HTML.html#86,unsampled
http://54.235.29.9/FacialAge/OSS_Exp2_MTurk/Gab_OSS_HTML.html#87,unsampled
http://54.235.29.9/FacialAge/OSS_Exp2_MTurk/Gab_OSS_HTML.html#88,unsampled
http://54.235.29.9/FacialAge/OSS_Exp2_MTurk/Gab_OSS_HTML.html#89,unsampled
http://54.235.29.9/FacialAge/OSS_Exp2_MTurk/Gab_OSS_HTML.html#90,unsampled
http://54.235.29.9/FacialAge/OSS_Exp2_MTurk/Gab_OSS_HTML.html#91,unsampled
http://54.235.29.9/FacialAge/OSS_Exp2_MTurk/Gab_OSS_HTML.html#92,unsampled
http://54.235.29.9/FacialAge/OSS_Exp2_MTurk/Gab_OSS_HTML.html#93,unsampled
http://54.235.29.9/FacialAge/OSS_Exp2_MTurk/Gab_OSS_HTML.html#94,unsampled
http://54.235.29.9/FacialAge/OSS_Exp2_MTurk/Gab_OSS_HTML.html#95,unsampled
http://54.235.29.9/FacialAge/OSS_Exp2_MTurk/Gab_OSS_HTML.html#96,unsampled
http://54.235.29.9/FacialAge/OSS_Exp2_MTurk/Gab_OSS_HTML.html#97,unsampled
http://54.235.29.9/FacialAge/OSS_Exp2_MTurk/Gab_OSS_HTML.html#98,unsampled
http://54.235.29.9/FacialAge/OSS_Exp2_MTurk/Gab_OSS_HTML.html#99,unsampled
http://54.235.29.9/FacialAge/OSS_Exp2_MTurk/Gab_OSS_HTML.html#100,unsampled
http://54.235.29.9/FacialAge/OSS_Exp2_MTurk/Gab_OSS_HTML.html#101,unsampled
http://54.235.29.9/FacialAge/OSS_Exp2_MTurk/Gab_OSS_HTML.html#102,unsampled
http://54.235.29.9/FacialAge/OSS_Exp2_MTurk/Gab_OSS_HTML.html#103,unsampled
http://54.235.29.9/FacialAge/OSS_Exp2_MTurk/Gab_OSS_HTML.html#104,unsampled
http://54.235.29.9/FacialAge/OSS_Exp2_MTurk/Gab_OSS_HTML.html#105,unsampled
http://54.235.29.9/FacialAge/OSS_Exp2_MTurk/Gab_OSS_HTML.html#106,unsampled
http://54.235.29.9/FacialAge/OSS_Exp2_MTurk/Gab_OSS_HTML.html#107,unsampled
http://54.235.29.9/FacialAge/OSS_Exp2_MTurk/Gab_OSS_HTML.html#108,unsampled
http://54.235.29.9/FacialAge/OSS_Exp2_MTurk/Gab_OSS_HTML.html#109,unsampled
http://54.235.29.9/FacialAge/OSS_Exp2_MTurk/Gab_OSS_HTML.html#110,unsampled
http://54.235.29.9/FacialAge/OSS_Exp2_MTurk/Gab_OSS_HTML.html#111,unsampled
http://54.235.29.9/FacialAge/OSS_Exp2_MTurk/Gab_OSS_HTML.html#112,unsampled
http://54.235.29.9/FacialAge/OSS_Exp2_MTurk/Gab_OSS_HTML.html#113,unsampled
http://54.235.29.9/FacialAge/OSS_Exp2_MTurk/Gab_OSS_HTML.html#114,unsampled
http://54.235.29.9/FacialAge/OSS_Exp2_MTurk/Gab_OSS_HTML.html#115,unsampled
http://54.235.29.9/FacialAge/OSS_Exp2_MTurk/Gab_OSS_HTML.html#116,unsampled
http://54.235.29.9/FacialAge/OSS_Exp2_MTurk/Gab_OSS_HTML.html#117,unsampled
http://54.235.29.9/FacialAge/OSS_Exp2_MTurk/Gab_OSS_HTML.html#118,unsampled
http://54.235.29.9/FacialAge/OSS_Exp2_MTurk/Gab_OSS_HTML.html#119,unsampled
http://54.235.29.9/FacialAge/OSS_Exp2_MTurk/Gab_OSS_HTML.html#120,unsampled
http://54.235.29.9/FacialAge/OSS_Exp2_MTurk/Gab_OSS_HTML.html#121,unsampled
http://54.235.29.9/FacialAge/OSS_Exp2_MTurk/Gab_OSS_HTML.html#122,unsampled
http://54.235.29.9/FacialAge/OSS_Exp2_MTurk/Gab_OSS_HTML.html#123,unsampled
http://54.235.29.9/FacialAge/OSS_Exp2_MTurk/Gab_OSS_HTML.html#124,unsampled
http://54.235.29.9/FacialAge/OSS_Exp2_MTurk/Gab_OSS_HTML.html#125,unsampled
http://54.235.29.9/FacialAge/OSS_Exp2_MTurk/Gab_OSS_HTML.html#126,unsampled
http://54.235.29.9/FacialAge/OSS_Exp2_MTurk/Gab_OSS_HTML.html#127,unsampled
http://54.235.29.9/FacialAge/OSS_Exp2_MTurk/Gab_OSS_HTML.html#128,unsampled
http://54.235.29.9/FacialAge/OSS_Exp2_MTurk/Gab_OSS_HTML.html#129,unsampled
http://54.235.29.9/FacialAge/OSS_Exp2_MTurk/Gab_OSS_HTML.html#130,unsampled
http://54.235.29.9/FacialAge/OSS_Exp2_MTurk/Gab_OSS_HTML.html#131,unsampled
http://54.235.29.9/FacialAge/OSS_Exp2_MTurk/Gab_OSS_HTML.html#132,unsampled
http://54.235.29.9/FacialAge/OSS_Exp2_MTurk/Gab_OSS_HTML.html#133,unsampled
http://54.235.29.9/FacialAge/OSS_Exp2_MTurk/Gab_OSS_HTML.html#134,unsampled
http://54.235.29.9/FacialAge/OSS_Exp2_MTurk/Gab_OSS_HTML.html#135,unsampled
http://54.235.29.9/FacialAge/OSS_Exp2_MTurk/Gab_OSS_HTML.html#136,unsampled
http://54.235.29.9/FacialAge/OSS_Exp2_MTurk/Gab_OSS_HTML.html#137,unsampled
http://54.235.29.9/FacialAge/OSS_Exp2_MTurk/Gab_OSS_HTML.html#138,unsampled
http://54.235.29.9/FacialAge/OSS_Exp2_MTurk/Gab_OSS_HTML.html#139,unsampled
http://54.235.29.9/FacialAge/OSS_Exp2_MTurk/Gab_OSS_HTML.html#140,unsampled
http://54.235.29.9/FacialAge/OSS_Exp2_MTurk/Gab_OSS_HTML.html#141,unsampled
http://54.235.29.9/FacialAge/OSS_Exp2_MTurk/Gab_OSS_HTML.html#142,unsampled
http://54.235.29.9/FacialAge/OSS_Exp2_MTurk/Gab_OSS_HTML.html#143,unsampled
http://54.235.29.9/FacialAge/OSS_Exp2_MTurk/Gab_OSS_HTML.html#144,unsampled
http://54.235.29.9/FacialAge/OSS_Exp2_MTurk/Gab_OSS_HTML.html#145,unsampled
http://54.235.29.9/FacialAge/OSS_Exp2_MTurk/Gab_OSS_HTML.html#146,unsampled
http://54.235.29.9/FacialAge/OSS_Exp2_MTurk/Gab_OSS_HTML.html#147,unsampled
http://54.235.29.9/FacialAge/OSS_Exp2_MTurk/Gab_OSS_HTML.html#148,unsampled
http://54.235.29.9/FacialAge/OSS_Exp2_MTurk/Gab_OSS_HTML.html#149,unsampled
http://54.235.29.9/FacialAge/OSS_Exp2_MTurk/Gab_OSS_HTML.html#150,unsampled
http://54.235.29.9/FacialAge/OSS_Exp2_MTurk/Gab_OSS_HTML.html#151,unsampled
http://54.235.29.9/FacialAge/OSS_Exp2_MTurk/Gab_OSS_HTML.html#152,unsampled
http://54.235.29.9/FacialAge/OSS_Exp2_MTurk/Gab_OSS_HTML.html#153,unsampled
http://54.235.29.9/FacialAge/OSS_Exp2_MTurk/Gab_OSS_HTML.html#154,unsampled
http://54.235.29.9/FacialAge/OSS_Exp2_MTurk/Gab_OSS_HTML.html#155,unsampled
http://54.235.29.9/FacialAge/OSS_Exp2_MTurk/Gab_OSS_HTML.html#156,unsampled
http://54.235.29.9/FacialAge/OSS_Exp2_MTurk/Gab_OSS_HTML.html#157,unsampled
http://54.235.29.9/FacialAge/OSS_Exp2_MTurk/Gab_OSS_HTML.html#158,unsampled
http://54.235.29.9/FacialAge/OSS_Exp2_MTurk/Gab_OSS_HTML.html#159,unsampled
http://54.235.29.9/FacialAge/OSS_Exp2_MTurk/Gab_OSS_HTML.html#160,unsampled
http://54.235.29.9/FacialAge/OSS_Exp2_MTurk/Gab_OSS_HTML.html#161,unsampled
http://54.235.29.9/FacialAge/OSS_Exp2_MTurk/Gab_OSS_HTML.html#162,unsampled
http://54.235.29.9/FacialAge/OSS_Exp2_MTurk/Gab_OSS_HTML.html#163,unsampled
http://54.235.29.9/FacialAge/OSS_Exp2_MTurk/Gab_OSS_HTML.html#164,unsampled
http://54.235.29.9/FacialAge/OSS_Exp2_MTurk/Gab_OSS_HTML.html#165,unsampled
http://54.235.29.9/FacialAge/OSS_Exp2_MTurk/Gab_OSS_HTML.html#166,unsampled
http://54.235.29.9/FacialAge/OSS_Exp2_MTurk/Gab_OSS_HTML.html#167,unsampled
http://54.235.29.9/FacialAge/OSS_Exp2_MTurk/Gab_OSS_HTML.html#168,unsampled
http://54.235.29.9/FacialAge/OSS_Exp2_MTurk/Gab_OSS_HTML.html#169,unsampled
http://54.235.29.9/FacialAge/OSS_Exp2_MTurk/Gab_OSS_HTML.html#170,unsampled
http://54.235.29.9/FacialAge/OSS_Exp2_MTurk/Gab_OSS_HTML.html#171,unsampled
http://54.235.29.9/FacialAge/OSS_Exp2_MTurk/Gab_OSS_HTML.html#172,unsampled
http://54.235.29.9/FacialAge/OSS_Exp2_MTurk/Gab_OSS_HTML.html#173,unsampled
http://54.235.29.9/FacialAge/OSS_Exp2_MTurk/Gab_OSS_HTML.html#174,unsampled
http://54.235.29.9/FacialAge/OSS_Exp2_MTurk/Gab_OSS_HTML.html#175,unsampled
http://54.235.29.9/FacialAge/OSS_Exp2_MTurk/Gab_OSS_HTML.html#176,unsampled
http://54.235.29.9/FacialAge/OSS_Exp2_MTurk/Gab_OSS_HTML.html#177,unsampled
http://54.235.29.9/FacialAge/OSS_Exp2_MTurk/Gab_OSS_HTML.html#178,unsampled
http://54.235.29.9/FacialAge/OSS_Exp2_MTurk/Gab_OSS_HTML.html#179,unsampled
http://54.235.29.9/FacialAge/OSS_Exp2_MTurk/Gab_OSS_HTML.html#180,unsampled
http://54.235.29.9/FacialAge/OSS_Exp2_MTurk/Gab_OSS_HTML.html#181,unsampled
http://54.235.29.9/FacialAge/OSS_Exp2_MTurk/Gab_OSS_HTML.html#182,unsampled
http://54.235.29.9/FacialAge/OSS_Exp2_MTurk/Gab_OSS_HTML.html#183,unsampled
http://54.235.29.9/FacialAge/OSS_Exp2_MTurk/Gab_OSS_HTML.html#184,unsampled
http://54.235.29.9/FacialAge/OSS_Exp2_MTurk/Gab_OSS_HTML.html#185,unsampled
http://54.235.29.9/FacialAge/OSS_Exp2_MTurk/Gab_OSS_HTML.html#186,unsampled
http://54.235.29.9/FacialAge/OSS_Exp2_MTurk/Gab_OSS_HTML.html#187,unsampled
http://54.235.29.9/FacialAge/OSS_Exp2_MTurk/Gab_OSS_HTML.html#188,unsampled
http://54.235.29.9/FacialAge/OSS_Exp2_MTurk/Gab_OSS_HTML.html#189,unsampled
http://54.235.29.9/FacialAge/OSS_Exp2_MTurk/Gab_OSS_HTML.html#190,unsampled
http://54.235.29.9/FacialAge/OSS_Exp2_MTurk/Gab_OSS_HTML.html#191,unsampled
http://54.235.29.9/FacialAge/OSS_Exp2_MTurk/Gab_OSS_HTML.html#192,unsampled