Path,Sampled
jsons/s1_odd.json,0
jsons/s3_odd.json,0
jsons/s5_odd.json,0
jsons/s6_odd.json,0
jsons/s9_even.json,0
jsons/s2_even.json,0
jsons/s10_even.json,0
jsons/s9_odd.json,0
jsons/s8_odd.json,0
jsons/s7_even.json,0
jsons/s3_odd.json,0
jsons/s2_odd.json,0
jsons/s1_even.json,0
jsons/s6_even.json,0
jsons/s10_odd.json,0
jsons/s11_odd.json,0
jsons/s0_even.json,0
jsons/s4_odd.json,0
jsons/s5_odd.json,0
jsons/s5_even.json,0
jsons/s8_even.json,0
jsons/s0_odd.json,0
jsons/s1_odd.json,0
jsons/s3_even.json,0